{"map": "Town02", "sp_x": 45.23999786376953, "sp_y": 225.58999633789062, "sp_z": 0.5, "pitch": 0.0, "yaw": -89.99981689453125, "roll": 0.0, "wp_x": 59.60002899169922, "wp_y": 306.41998291015625, "wp_z": 0.5, "wp_yaw": -0.00018310546875}