{"map": "Town03", "sp_x": 174.48529052734375, "sp_y": 6.3087615966796875, "sp_z": 0.27530714869499207, "pitch": 0.0, "yaw": 0.8558040261268616, "roll": 0.0, "wp_x": 124.70004272460938, "wp_y": 59.00621795654297, "wp_z": 0.27530714869499207, "wp_yaw": 179.85255432128906}