{"map": "Town03", "sp_x": 97.27885437011719, "sp_y": 63.11749267578125, "sp_z": 0.27530714869499207, "pitch": 0.0, "yaw": -10.416641235351562, "roll": 0.0, "wp_x": 80.8740005493164, "wp_y": -11.542411804199219, "wp_z": 0.5, "wp_yaw": -87.97586059570312}